prueba, prueba, prueba  , prueba,2022,123,462,123,0,sin prestar 
prueba2, prueba, prueba  , prueba,2022,123,462,123,0,sin prestar
prueba3, prueba, prueba  , prueba,2022,123,462,123,0,sin prestar
prueba4, prueba, prueba  , prueba,2022,123,462,123,0,sin prestar
prueba5, prueba, prueba  , prueba,2022,123,462,123,0,sin prestar
prueba6, prueba, prueba  , prueba,2022,123,462,123,0,sin prestar
prueba7, prueba, prueba  , prueba,2022,123,462,123,0,sin prestar
prueba8, prueba, prueba  , prueba,2022,123,462,123,0,sin prestar
prueba9, prueba, prueba  , prueba,2022,123,462,123,0,sin prestar
prueba10, prueba, prueba  , prueba,2022,123,462,123,0,sin prestar
Aves cantoras, Lulu, fantasia y romance , santillana,1997,150,500,535621,0,sin prestar
